alpha3, ar, de, en, es, fr, it, ja, nl, ru
AND, "اندورا", "Andorra", "Andorre", "", "Andorre", "Andorra", "アンドラ", "Andorra", "Андорра"
ARE, "الامارات العربية المتحدة", "Vereinigte Arabische Emirate", "United Arab Emirates", "Emiratos Árabes Unidos", "Émirats Arabes Unis", "Emirati Arabi Uniti", "アラブ首長国連邦", "Verenigde Arabische Emiraten", "Объединенные Арабские Эмираты"
AFG, "افغانستان", "Afghanistan", "Afghanistan", "", "Afganistán", "Afghanistan", "アフガニスタン", "Afghanistan", "Афганистан"
ATG, "", "Antigua und Barbuda", "Antigua and Barbuda", "Antigua y Barbuda", "Antigua et Barbuda", "Antigua e Barbuda", "アンティグア・バーブーダ", "Antigua en Barbuda", "Антигуа и Барбуда"
AIA, "", "Anguilla", "Anguilla", "Anguilla", "Anguilla", "Anguilla", "アンギラ", "Anguilla", "Ангилья"
ALB, "البانيا", "Albanien", "Albania", "", "Albanie", "Albania", "アルバニア", "Albanië", "Албания"
ARM, "ارمينيا", "Armenien", "Armenia", "", "Arménie", "Armenia", "アルメニア", "Armenië", "Армения"
ANT, "", "Niederländische Antillen", "Netherlands Antilles", "Antillas Holandesas", "Antilles néerlandaises", "Antille Olandesi", "オランダ領アンティル", "Nederlandse Antillen", "Нидерландские Антильские Острова"
AGO, "انغولا", "Angola", "Angola", "Angola", "Angola", "Angola", "アンゴラ", "Angola", "Ангола"
ATA, "", "Antarktis", "Antarctica", "Antártida", "Antarctique", "Antartide", "南極", "Antarctica", "Антарктида"
ARG, "الارجنتين", "Argentinien", "Argentina", "", "Argentine", "Argentina", "アルゼンチン", "Argentinië", "Аргентина"
ASM, "", "Amerikanisch-Samoa", "American Samoa", "Samoa Americana", "Samoa américaines", "Samoa Americane", "アメリカ領サモア", "Amerikaans Samoa", "Американское Самоа"
AUT, "النمسا", "Österreich", "Austria", "Austria", "Autriche", "Austria", "オーストリア", "Oostenrijk", "Австрия"
AUS, "", "Australien", "Australia", "Australia", "Australie", "Australia", "オーストラリア", "Australië", "Австралия"
ABW, "", "Aruba", "Aruba", "Aruba", "Aruba", "Aruba", "アルバ", "Aruba", "Аруба"
ALD, "", "Åland", "Åland Islands", "", "Aland", "Isole Aland", "オーランド諸島", "Ålandeilanden", "Аландские острова"
AZE, "", "Aserbaidschan", "Azerbaijan", "Azerbaiyán", "Azerbaïdjan", "Azerbaijan", "アゼルバイジャン", "Azerbeidzjan", "Азербайджан"
BIH, "", "Bosnien und Herzegowina", "Bosnia and Herzegovina", "Bosnia y Herzegovina", "Bosnie et Herzégovine", "Bosnia ed Erzegovina", "ボスニア・ヘルツェゴビナ", "Bosnië en Herzegovina", "Босния и Герцеговина"
BRB, "", "Barbados", "Barbade", "", "Barbade", "Barbados", "バルバドス", "Barbados", "Барбадос"
BGD, "", "Bangladesch", "Bangladesh", "", "Bangladesh", "Bangladesh", "バングラデシュ", "Bangladesh", "Бангладеш"
BEL, "", "Belgien", "Belgium", "Bélgica", "Belgique", "Belgio", "ベルギー", "België", "Бельгия"
BFA, "", "Burkina Faso", "Burkina Faso", "Burkina Faso", "Burkina Faso", "Burkina Faso", "ブルキナファソ", "Burkina Faso", "Буркина-Фасо"
BGR, "", "Bulgarien", "Bulgaria", "", "Bulgarie", "Bulgaria", "ブルガリア", "Bulgarije", "Болгария"
BHR, "", "Bahrain", "Bahrain", "Bahrein", "Bahreïn", "Bahrein", "バーレーン", "Bahrein", "Бахрейн"
BDI, "", "Burundi", "Burundi", "Burundi", "Burundi", "Burundi", "ブルンジ", "Burundi", "Бурунди"
BEN, "", "Benin", "Benin", "", "Bénin", "Benin", "ベナン", "Benin", "Бенин"
BLM, "", "Saint-Barthélemy", "Saint Barthélemy", "", "Saint-Barthélemy", "Antille Francesi", "サン・バルテルミー", "Saint Barthélemy", "Сен-Бартельми"
BMU, "", "Bermuda", "Bermuda", "Bermudas", "Bermudes", "Bermuda", "バミューダ", "Bermuda", "Бермудские острова"
BRN, "", "Brunei", "Brunei", "Brunei", "Brunei", "Brunei", "ブルネイ・ダルサラーム", "Brunei", "Бруней-Даруссалам"
BOL, "", "Bolivien", "Bolivia", "", "Bolivie", "Bolivia", "ボリビア多民族国", "Bolivia", "Боливия"
BES, "", "Bonaire, Sint Eustatius und Saba", "Bonaire, Sint Eustatius and Saba", "", "Pays-Bas caribéens", "", "ボネール、シント・ユースタティウスおよびサバ", "", "Бонэйр, Синт-Эстатиус и Саба"
BRA, "البرازيل", "Brasilien", "Brazil", "Brasil", "Brésil", "Brasile", "ブラジル", "Brazilië", "Бразилия"
BHS, "", "Bahamas", "Bahamas", "Bahamas", "Bahamas", "Bahamas", "バハマ", "Bahama’s", "Багамские острова"
BTN, "", "Bhutan", "Bhutan", "Bután", "Bhoutan", "Bhutan", "ブータン", "Bhutan", "Бутан"
BVT, "", "Bouvetinsel", "Bouvet Island", "Isla Bouvet", "Île Bouvet", "Isola Bouvet", "ブーベ島", "Bouveteiland", "Остров Буве"
BWA, "", "Botswana", "Botswana", "Botswana", "Botswana", "Botswana", "ボツワナ", "Botswana", "Ботсвана"
BLR, "", "Weißrussland", "Belarus", "Bielorrusia", "Biélorussie", "Bielorussia", "ベラルーシ", "Wit-Rusland", "Белоруссия"
BLZ, "", "Belize", "Belize", "Belice", "Belice", "Belize", "ベリーズ", "Belize", "Белиз"
CAN, "كندا", "Kanada", "Canada", "Canadá", "Canada", "Canada", "カナダ", "Canada", "Канада"
CCK, "", "Kokosinseln", "Cocos (Keeling) Islands", "Islas Cocos o Islas Keeling", "Îles Cocos", "Isole Cocos e Keeling", "ココス（キーリング）諸島", "Cocoseilanden", "Кокосовые острова"
COD, "", "Kongo (Dem. Rep.)", "Congo (Dem. Rep.)", "Congo (Rep. Dem.)", "Congo (Rep. Dem.)", "Congo (Rep. Dem.)", "コンゴ民主共和国", "Congo [DRC]", "Конго (. Респ.)"
CAF, "", "Zentralafrikanische Republik", "Central African Republic", "República Centroafricana", "République Centrafricaine", "Repubblica Centrafricana", "中央アフリカ共和国", "Centraal-Afrikaanse Republiek", "Центральноафриканская Республика"
COG, "", "Kongo", "Congo", "Congo", "Congo", "Congo", "コンゴ共和国", "Congo [Republiek]", "Конго"
CHE, "", "Schweiz", "Switzerland", "Suiza", "Suisse", "Svizzera", "スイス", "Zwitserland", "Швейцария"
CIV, "", "Elfenbeinküste", "Côte D'Ivoire", "Costa de Marfil", "Côte D'Ivoire", "Costa D'Avorio", "コートジボワール", "Ivoorkust", "Кот-д'Ивуар"
COK, "", "Cookinseln", "Cook Islands", "Islas Cook", "Îles Cook", "Isole Cook", "クック諸島", "Cookeilanden", "Острова Кука"
CHL, "تشيلي", "Chile", "Chile", "Chile", "Chili", "Cile", "チリ", "Chili", "Чили"
CMR, "الكاميرون", "Kamerun", "Cameroon", "Camerún", "Cameroun", "Camerun", "カメルーン", "Kameroen", "Камерун"
CHN, "الصين", "China", "China", "China", "Chine", "Cina", "中国", "China", "Китай"
COL, "كولومبيا", "Kolumbien", "Colombia", "Colombia", "Colombie", "Colombia", "コロンビア", "Colombia", "Колумбия"
CRI, "", "Costa Rica", "Costa Rica", "Costa Rica", "Costa Rica", "Costa Rica", "コスタリカ", "Costa Rica", "Коста-Рика"
CUB, "", "Kuba", "Cuba", "Cuba", "Cuba", "Cuba", "キューバ", "Cuba", "Куба"
CPV, "", "Kap Verde", "Cape Verde", "Cabo Verde", "Cap Vert", "Capo Verde", "カーボベルデ", "Kaapverdië", "Кабо-Верде"
CUW, "", "Curaçao", "Curaçao", "", "Curaçao", "", "キュラソー島", "Curaçao", "Кюрасао"
CXR, "", "Weihnachtsinsel", "Christmas Island", "Isla de Navidad", "Île Christmas", "Isola di Natale", "クリスマス島", "Christmaseiland", "Остров Рождества"
CYP, "", "Zypern", "Cyprus", "Chipre", "Chypre", "Cipro", "キプロス", "Cyprus", "Кипр"
CZE, "", "Tschechische Republik", "Czech Republic", "República Checa", "République Tchèque", "Repubblica Ceca", "チェコ", "Tsjechië", "Чешская Республика"
DEU, "المانيا", "Deutschland", "Germany", "Alemania", "Allemagne", "Germania", "ドイツ", "Duitsland", "Германия"
DJI, "", "Dschibuti", "Djibouti", "Yibuti", "Djibouti", "Gibuti", "ジブチ", "Djibouti", "Джибути"
DNK, "الدنمارك", "Dänemark", "Denmark", "Dinamarca", "Danemark", "Danimarca", "デンマーク", "Denemarken", "Дания"
DMA, "الدومينيكان", "Dominica", "Dominica", "Dominica", "Dominique", "Dominica", "ドミニカ国", "Dominica", "Доминика"
DOM, "", "Dominikanische Republik", "Dominican Republic", "República Dominicana", "République Dominicaine", "Repubblica Dominicana", "ドミニカ共和国", "Dominicaanse Republiek", "Доминиканская Республика"
DZA, "الجزائر", "Algerien", "Algeria", "Argelia", "Algérie", "Algeria", "アルジェリア", "Algerije", "Алжир"
ECU, "الاكوادور", "Ecuador", "Ecuador", "Ecuador", "Équateur", "Ecuador", "エクアドル", "Ecuador", "Эквадор"
EST, "", "Estland", "Estonia", "Estonia", "Estonie", "Estonia", "エストニア", "Estland", "Эстония"
EGY, "مصر", "Ägypten", "Egypt", "Egipto", "Égypte", "Egitto", "エジプト", "Egypte", "Египет"
SAH, "", "Westsahara", "Western Sahara", "Sahara Occidental", "Sahara Occidental", "Sahara Occidentale", "西サハラ", "Westelijke Sahara", "Западная сахара"
ERI, "اريتيريا", "Eritrea", "Eritrea", "Eritrea", "Érythrée", "Eritrea", "エリトリア", "Eritrea", "Эритрея"
ESP, "اسبانيا", "Spanien", "Spain", "España", "Espagne", "Spagna", "スペイン", "Spanje", "Испания"
ETH, "اثيوبيا", "Äthiopien", "Ethiopia", "Etiopía", "Éthiopie", "Etiopia", "エチオピア", "Ethiopië", "Эфиопия"
FIN, "فنلندا", "Finnland", "Finland", "Finlandia", "Finlande", "Finlandia", "フィンランド", "Finland", "Финляндия"
FJI, "فيجي", "Fidschi", "Fiji", "Fiyi", "Fidji", "Figi", "フィジー", "Fiji", "Фиджи"
FLK, "", "Falklandinseln", "Falkland Islands", "Islas Malvinas", "Îles Malouines", "Isole Falkland o Isole Malvine", "フォークランド（マルビナス）諸島", "Falklandeilanden [Islas Malvinas]", "Фолклендские острова"
FSM, "", "Mikronesien", "Micronesia", "Micronesia", "Micronésie", "Micronesia", "ミクロネシア連邦", "Micronesië", "Микронезия"
FRO, "", "Färöer-Inseln", "Faroe Islands", "Islas Faroe", "Îles Féroé", "Isole Far Oer", "フェロー諸島", "Faeröer", "Фарерские Острова"
FRA, "فرنسا", "Frankreich", "France", "Francia", "France", "Francia", "フランス", "Frankrijk", "Франция"
GAB, "", "Gabun", "Gabon", "Gabón", "Gabon", "Gabon", "ガボン", "Gabon", "Габон"
GBR, "المملكة المتحدة", "Vereinigtes Königreich", "United Kingdom", "Reino Unido", "Royaume-Uni", "Regno Unito", "イギリス", "Verenigd Koninkrijk", "Соединенное Королевство"
GRD, "", "Grenada", "Grenada", "Grenada", "Grenade", "Grenada", "グレナダ", "Grenada", "Гренада"
GEO, "", "Georgien", "Georgia", "Georgia", "Géorgie", "Georgia", "グルジア", "Georgië", "Грузия"
GUF, "", "Französisch Guyana", "French Guiana", "Guayana Francesa", "Guayane", "Guyana francese", "フランス領ギアナ", "Frans-Guyana", "Французская Гвиана"
GGY, "", "Guernsey und Alderney", "Guernsey and Alderney", "Guernsey y Alderney", "Guernesey et Aurigny", "Guernsey e Alderney", "ガーンジー", "Guernsey", "Гернси и Олдерни"
GHA, "", "Ghana", "Ghana", "Ghana", "Ghana", "Ghana", "ガーナ", "Ghana", "Гана"
GIB, "", "Gibraltar", "Gibraltar", "Gibraltar", "Gibraltar", "Gibilterra", "ジブラルタル", "Gibraltar", "Гибралтар"
GRL, "", "Grönland", "Greenland", "Groenlandia", "Groenland", "Groenlandia", "グリーンランド", "Groenland", "Гренландия"
GMB, "", "Gambia", "Gambia", "Gambia", "Gambie", "Gambia", "ガンビア", "Gambia", "Гамбия"
GIN, "", "Guinea", "Guinea", "Guinea", "Guinée", "Guinea", "ギニア", "Guinee", "Гвинея"
GLP, "", "Guadeloupe", "Guadeloupe", "Guadalupe", "Guadeloupe", "Guadeloupa", "グアドループ", "Guadeloupe", "Гваделупа"
GNQ, "", "Äquatorial-Guinea", "Equatorial Guinea", "Guinea Ecuatorial", "Guinée Équatoriale", "Guinea Equatoriale", "赤道ギニア", "Equatoriaal-Guinea", "Экваториальная Гвинея"
GRC, "", "Griechenland", "Greece", "Grecia", "Grèce", "Grecia", "ギリシャ", "Griekenland", "Греция"
SGS, "", "Südgeorgien und die Südlichen Sandwichinseln", "South Georgia and the South Sandwich Islands", "Islas Georgias del Sur y Sandwich del Sur", "Géorgie du Sud et les Îles Sandwich du Sud", "Georgia del Sud e Isole Sandwich Meridionali", "サウスジョージア・サウスサンドウィッチ諸島", "Zuid-Georgia en Zuidelijke Sandwicheilanden", "Южная Джорджия и Южные Сандвичевы острова"
GTM, "", "Guatemala", "Guatemala", "Guatemala", "Guatemala", "Guatemala", "グアテマラ", "Guatemala", "Гватемала"
GUM, "", "Guam", "Guam", "Guam", "Guam", "Guam", "グアム", "Guam", "ГУАМ"
GNB, "", "Guinea-Bissau", "Guinea-Bissau", "Guinea-Bisáu", "Guinée-Bissau", "Guinea-Bissau", "ギニアビサウ", "Guinee-Bissau", "Гвинея-Бисау"
GUY, "", "Guyana", "Guyana", "Guyana", "Guyane", "Guyana", "ガイアナ", "Guyana", "Гайана"
HKG, "", "Hong Kong", "Hong Kong", "Hong Kong", "Hong Kong", "Hong Kong", "香港", "Hongkong", "Гонконг"
HMD, "", "Heard und die McDonaldinseln", "Heard and McDonald Islands", "Islas Heard y McDonald", "Îles Heard-et-MacDonal", "Isole Heard e McDonald", "ハード島とマクドナルド諸島", "Heard- en McDonaldeilanden", "Острова Херд и Макдональд"
HND, "", "Honduras", "Honduras", "Honduras", "Honduras", "Honduras", "ホンジュラス", "Honduras", "Гондурас"
HRV, "", "Kroatien", "Croatia", "Croacia", "Croatie", "Croazia", "クロアチア", "Kroatië", "Хорватия"
HTI, "", "Haiti", "Haiti", "Haiti", "Haïti", "Haiti", "ハイチ", "Haïti", "Гаити"
HUN, "", "Ungarn", "Hungary", "Hungría", "Hongrie", "Ungheria", "ハンガリー", "Hongarije", "Венгрия"
IDN, "", "Indonesien", "Indonesia", "Indonesia", "Indonésie", "Indonesia", "インドネシア", "Indonesië", "Индонезия"
IRL, "ايرلندا", "Irland", "Ireland", "Irlanda", "Irlande", "Irlanda", "アイルランド", "Ierland", "Ирландия"
ISR, "اسرائيل", "Israel", "Israel", "Israel", "Israël", "Israele", "イスラエル", "Israël", "Израиль"
IMN, "", "Insel Man", "Isle of Man", "Isla de Man", "Île de Man", "Isola di Man", "マン島", "Isle of Man", "Остров Мэн"
IND, "الهند", "Indien", "India", "India", "Inde", "India", "インド", "India", "Индия"
IOT, "", "Britisches Territorium im Indischen Ozean", "British Indian Ocean Territory", "Territorio Británico del Océano Índico", "Territoire britannique de l'océan Indien", "Territorio britannico dell'oceano indiano", "イギリス領インド洋地域", "Britse Gebieden in de Indische Oceaan", "Британская территория в Индийском океане"
IRQ, "العراق", "Irak", "Iraq", "Irak", "Irak", "Iraq", "イラク", "Irak", "Ирак"
IRN, "", "Iran", "Iran", "Iran", "Iran", "", "イラン・イスラム共和国", "Iran", "Иран"
ISL, "", "Island", "Iceland", "Islandia", "Islande", "Islanda", "アイスランド", "IJsland", "Исландия"
ITA, "ايطاليا", "Italien", "Italy", "Italia", "Italie", "Italia", "イタリア", "Italië", "Италия"
JEY, "", "Jersey", "Jersey", "Jersey", "Jersey", "Isola di Jersey", "ジャージー", "Jersey", "Джерси"
JAM, "", "Jamaika", "Jamaica", "Jamaica", "Jamaïque", "Giamaica", "ジャマイカ", "Jamaica", "Ямайка"
JOR, "الاردن", "Jordanien", "Jordan", "Jordania", "Jordanie", "Giordania", "ヨルダン", "Jordanië", "Иордания"
JPN, "اليابان", "Japan", "Japan", "Japón", "Japon", "Giappone", "日本", "Japan", "Япония"
KEN, "", "Kenia", "Kenya", "Kenia", "Kenya", "Kenya", "ケニア", "Kenia", "Кения"
KGZ, "", "Kirgisistan", "Kyrgyzstan", "Kirguizistán", "Kirghizistan", "Kirghizistan", "キルギス", "Kirgizië", "Кыргызстан"
KHM, "", "Kambodscha", "Cambodia", "Camboya", "Cambodge", "Cambogia", "カンボジア", "Cambodja", "Камбоджа"
KIR, "", "Kiribati", "Kiribati", "Kiribati", "Kiribati", "Kiribati", "キリバス", "Kiribati", "Кирибати"
COM, "", "Union der Komoren", "Comoros", "Comoras", "Comores", "Comore", "コモロ", "Comoren", "Союз Коморских островов"
KNA, "", "Föderation St. Kitts und Nevis", "Saint Kitts and Nevis", "Saint Kitts y Nevis", "Saint Kitts et Nevis", "Saint Kitts e Nevis", "セントクリストファー・ネイビス", "Saint Kitts en Nevis", "Федерация Сент-Китс и Невис"
PRK, "كوريا الشمالية", "Nordkorea", "Korea (North)", "Corea del Norte", "Corée du Nord", "Corea del Nord", "朝鮮民主主義人民共和国", "Noord-Korea", "Северная Корея"
KOR, "كوريا الجنوبية", "Südkorea", "Korea (South)", "Corea del Sur", "Corée du Sud", "Corea del Sud", "大韓民国", "Zuid-Korea", "Южная Корея"
KWT, "الكويت", "Kuwait", "Kuwait", "Kuwait", "Koweït", "Kuwait", "クウェート", "Koeweit", "Кувейт"
CYM, "", "Kaimaninseln", "Cayman Islands", "Islas Caimán", "Îles Caïmans", "Isole Cayman", "ケイマン諸島", "Caymaneilanden", "Каймановы о-ва"
KAZ, "كازاخستان", "Kasachstan", "Kazakhstan", "Kazajistán", "Kazakhstan", "Kazakistan", "カザフスタン", "Kazachstan", "Казахстан"
LAO, "لاوس", "Laos", "Laos", "Laos", "Laos", "Laos", "ラオス人民民主共和国", "Laos", "Лаос"
LBN, "لبنان", "Libanon", "Lebanon", "Líbano", "Liban", "Libano", "レバノン", "Libanon", "Ливан"
LCA, "", "Saint Lucia", "Saint Lucia", "Santa Lucía", "Saint-Lucie", "Santa Lucia", "セントルシア", "Saint Lucia", "Сент-Люсия"
LIE, "", "Liechtenstein", "Liechtenstein", "Liechtenstein", "Liechtenstein", "Liechtenstein", "リヒテンシュタイン", "Liechtenstein", "Лихтенштейн"
LKA, "سيريلانكا", "Sri Lanka", "Sri Lanka", "Sri Lanka", "Sri Lanka", "Sri Lanka", "スリランカ", "Sri Lanka", "Шри-Ланка"
LBR, "", "Liberia", "Liberia", "Liberia", "Liberia", "Liberia", "リベリア", "Liberia", "Либерия"
LSO, "", "Lesotho", "Lesotho", "Lesotho", "Lesotho", "Lesotho", "レソト", "Lesotho", "Лесото"
LTU, "", "Litauen", "Lithuania", "Lituania", "Lituanie", "Lituania", "リトアニア", "Litouwen", "Литва"
LUX, "", "Luxemburg", "Luxembourg", "Luxemburgo", "Luxembourg", "Lussemburgo", "ルクセンブルク", "Luxemburg", "Люксембург"
LVA, "", "Lettland", "Latvia", "Letonia", "Lettonie", "Lettonia", "ラトビア", "Letland", "Латвия"
LBY, "ليبيا", "Libyen", "Libya", "Libia", "Libye", "Libia", "リビア", "Libië", "Ливия"
MAR, "المغرب", "Marokko", "Morocco", "Marruecos", "Maroc", "Marocco", "モロッコ", "Marokko", "Марокко"
MCO, "", "Monaco", "Monaco", "Mónaco", "Monaco", "Principato di Monaco", "モナコ", "Monaco", "Монако"
MDA, "", "Moldawie", "Moldova", "Moldavia", "Moldavie", "Moldavia", "モルドバ共和国", "Moldavië", "Молдова"
MNE, "", "Montenegro", "Crna Gora", "Montenegro", "Monténégro", "Montenegro", "モンテネグロ", "Montenegro", "Черногория"
MAF, "", "Saint Martin", "Saint Martin", "Saint Martin", "Saint-Martin", "Saint Martin", "サン・マルタン（フランス領）", "Saint-Martin", "Сен-Мартен"
MDG, "", "Madagaskar", "Madagascar", "Madagascar", "Madagascar", "Madagascar", "マダガスカル", "Madagaskar", "Мадагаскар"
MHL, "", "Marshallinseln", "Marshall Islands", "Islas Marshall", "Îles Marshall", "Isole Marshall", "マーシャル諸島", "Marshalleilanden", "Маршалловы острова"
MKD, "", "Mazedonien", "Macedonia", "Macedonia", "Macédoine", "Macedonia", "マケドニア旧ユーゴスラビア共和国", "Macedonië [FYROM]", "Македония"
MLI, "", "Mali", "Mali", "Mali", "Mali", "Mali", "マリ", "Mali", "Мали"
MMR, "", "Myanmar", "Myanmar", "Myanmar", "Myanmar", "Birmania", "ミャンマー", "Myanmar", "Мьянма"
MNG, "", "Mongolei", "Mongolia", "Mongolia", "Mongolie", "Mongolia", "モンゴル", "Mongolië", "Монголия"
MAC, "", "Macao", "Macao", "Macao", "Macao", "Macao", "マカオ", "Macao", "Макао"
MNP, "", "Nördliche Marianen", "Northern Mariana Islands", "Islas Marianas del Norte", "Îles Mariannes du Nord", "Isole Marianne Settentrionali", "北マリアナ諸島", "Noordelijke Marianeneilanden", "Северные Марианские Острова"
MTQ, "", "Martinique", "Martinique", "Martinica", "Martinique", "Martinica", "マルティニーク", "Martinique", "Мартиника"
MRT, "", "Mauretanien", "Mauritania", "Mauritania", "Mauritanie", "Mauritania", "モーリタニア", "Mauritanië", "Мавритания"
MSR, "", "Montserrat", "Montserrat", "Montserrat", "Montserrat", "Montserrat", "モントセラト", "Montserrat", "Монтсеррат"
MLT, "", "Malta", "Malta", "Malta", "Malte", "Malta", "マルタ", "Malta", "Мальта"
MUS, "", "Mauritius", "Mauritius", "Mauricio", "Île Maurice", "Mauritius", "モーリシャス", "Mauritius", "Маврикий"
MDV, "", "Malediven", "Maldives", "Maldivas", "Maldives", "Maldive", "モルディブ", "Maldiven", "Мальдивы"
MWI, "", "Malawi", "Malawi", "Malawi", "Malawi", "Malawi", "マラウイ", "Malawi", "Малави"
MEX, "", "Mexiko", "Mexico", "México", "Mexique", "Messico", "メキシコ", "Mexico", "Мексика"
MYS, "", "Malaysia", "Malaysia", "Malasia", "Malaisie", "Malesia", "マレーシア", "Maleisië", "Малайзия"
MOZ, "", "Mosambik", "Mozambique", "Mozambique", "Mozambique", "Mozambico", "モザンビーク", "Mozambique", "Мозамбик"
NAM, "", "Namibia", "Namibia", "Namibia", "Namibie", "Namibia", "ナミビア", "Namibië", "Намибия"
NCL, "", "Neukaledonien", "New Caledonia", "Nueva Caledonia", "Nouvelle-Calédonie", "Nuova Caledonia", "ニューカレドニア", "Nieuw-Caledonië", "Новая Каледония"
NER, "", "Niger", "Niger", "Níger", "Niger", "Niger", "ニジェール", "Niger", "Нигер"
NFK, "", "Norfolkinsel", "Norfolk Island", "Isla de Norfolk", "Île de Norfolk", "Isola Norfolk", "ノーフォーク島", "Norfolkeiland", "Остров Норфолк"
NGA, "", "Nigeria", "Nigeria", "Nigeria", "Nigéria", "Nigeria", "ナイジェリア", "Nigeria", "Нигерия"
NIC, "", "Nicaragua", "Nicaragua", "Nicaragua", "Nicaragua", "Nicaragua", "ニカラグア", "Nicaragua", "Никарагуа"
NLD, "", "Niederlande", "Netherlands", "Países Bajos", "Pays-Bas", "Paesi Bassi", "オランダ", "Nederland", "Нидерланды"
NOR, "", "Norwegen", "Norway", "Noruega", "Norvège", "Norvegia", "ノルウェー", "Noorwegen", "Норвегия"
NPL, "", "Népal", "Nepal", "Nepal", "Nepal", "Nepal", "ネパール", "Nepal", "Непал"
NRU, "", "Nauru", "Nauru", "Nauru", "Nauru", "Nauru", "ナウル", "Nauru", "Науру"
NIU, "", "Niue", "Niue", "Niue", "Niue", "Niue", "ニウエ", "Niue", "Ниуэ"
NZL, "", "Neuseeland", "New Zealand", "Nueva Zelanda", "Nouvelle-Zélande", "Nuova Zelanda", "ニュージーランド", "Nieuw-Zeeland", "Новая Зеландия"
OMN, "", "Oman", "Oman", "Omán", "Oman", "oman", "オマーン", "Oman", "Оман"
PAN, "", "Panama", "Panama", "Panamá", "Panama", "Panama", "パナマ", "Panama", "Панама"
PER, "", "Peru", "Peru", "Perú", "Pérou", "Perù", "ペルー", "Peru", "Перу"
PYF, "", "Französisch-Polynesien", "French Polynesia", "Polinesia Francesa", "Polynésie Française", "Polinesia Francese", "フランス領ポリネシア", "Frans-Polynesië", "Французская Полинезия"
PNG, "", "Papua-Neuguinea", "Papua New Guinea", "Papúa Nueva Guinea", "Papouasie Nouvelle-Guinée", "Papua Nuova Guinea", "パプアニューギニア", "Papoea-Nieuw-Guinea", "Папуа-Новая Гвинея"
PHL, "", "Philippinen", "Philippines", "Filipinas", "Philippines", "Filippine", "フィリピン", "Filipijnen", "Филиппины"
PAK, "", "Pakistan", "Pakistan", "Pakistán", "Paquistan", "Pakistan", "パキスタン", "Pakistan", "Пакистан"
POL, "", "Polen", "Poland", "Polonia", "Pologne", "Polonia", "ポーランド", "Polen", "Польша"
SPM, "", "Saint-Pierre und Miquelon", "Saint Pierre and Miquelon", "San Pedro y Miquelón", "Saint-Pierre-et-Miquelon", "Saint-Pierre e Miquelon", "サンピエール島・ミクロン島", "Saint Pierre en Miquelon", "Сен-Пьер и Микелон"
PCN, "", "Pitcairn", "Pitcairn", "Islas Pitcairn", "Îles Pitcairn", "Isole Pitcairn", "ピトケアン", "Pitcairneilanden", "Острова Питкэрн"
PRI, "بورتو ريكو", "Puerto Rico", "Puerto Rico", "Puerto Rico", "Porto Rico", "Porto Rico", "プエルトリコ", "Puerto Rico", "Пуэрто-Рико"
PSX, "فلسطين", "Palästina", "Palestine", "Palestina", "Palestina", "Palestina", "パレスチナ", "Palestijnse gebieden", "Палестина"
PRT, "البرتغال", "Portugal", "Portugal", "Portugal", "Portugal", "Portogallo", "ポルトガル", "Portugal", "Португалия"
PLW, "", "Palau", "Palau", "Palau", "Palaos", "Palau", "パラオ", "Palau", "Палау"
PRY, "الباراغوي", "Paraguay", "Paraguay", "Paraguay", "Paraguay", "Paraguay", "パラグアイ", "Paraguay", "Парагвай"
QAT, "قطر", "Katar", "Qatar", "Catar", "Qatar", "Qatar", "カタール", "Qatar", "Катар"
REU, "", "Réunion", "Réunion", "Reunión", "Réunion", "Riunione", "レユニオン", "Réunion", "Реюньон"
ROU, "", "Rumänien", "Romania", "Rumania", "Roumanie", "Romania", "ルーマニア", "Roemenië", "Румыния"
SRB, "", "Serbien", "Serbia", "Serbia", "Serbie", "Serbia", "セルビア", "Servië", "Сербия"
RUS, "روسيا", "Russland", "Russia", "Rusia", "Russie", "Russia", "ロシア連邦", "Rusland", "Российская Федерация"
RWA, "رواندا", "Ruanda", "Rwanda", "Ruanda", "Rwanda", "Ruanda", "ルワンダ", "Rwanda", "Руанда"
SAU, "السعودية", "Saudi-Arabien", "Saudi Arabia", "Arabia Saudí", "Arabie Saoudite", "Arabia Saudita", "サウジアラビア", "Saoedi-Arabië", "Саудовская Аравия"
SLB, "", "Salomonen", "Solomon Islands", "Islas Salomón", "Îles Salomon", "Isole Salomone", "ソロモン諸島", "Salomonseilanden", "Соломон Исланд"
SYC, "", "Seychellen", "Seychelles", "Seychelles", "Seychelles", "Seychelles", "セーシェル", "Seychellen", "Сейшельские острова"
SDN, "السودان", "Sudan", "Sudan", "Sudán", "Soudan", "Sudan", "スーダン", "Soedan", "Судан"
SWE, "السويد", "Schweden", "Sweden", "Suecia", "Suède", "Svezia", "スウェーデン", "Zweden", "Швеция"
SGP, "سنغافورا", "Singapur", "Singapore", "Singapur", "Singapour", "Singapore", "シンガポール", "Singapore", "Сингапур"
SHN, "", "Sankt Helena", "Saint Helena", "Santa Helena", "Sainte-Hélène", "Sant'Elena", "セントヘレナ・アセンションおよびトリスタンダクーニャ", "Sint-Helena", "Остров Святой Елены"
SVN, "سلوفينيا", "Slowenien", "Slovenia", "Eslovenia", "Slovénie", "Slovenia", "スロベニア", "Slovenië", "Словения"
SJM, "", "Svalbard und Jan Mayen", "Svalbard and Jan Mayen", "Islas Svalbard y Jan Mayen", "Îles Svalbard et Jan Mayen", "Svalbard e Jan Mayen", "スヴァールバル諸島およびヤンマイエン島", "Svalbard en Jan Mayen", "Шпицберген и Ян-Майен"
SVK, "سلوفاكيا", "Slowakei", "Slovakia", "República Eslovaca", "Slovaquie", "Slovacchia", "スロバキア", "Slowakije", "Словакия"
SLE, "", "Sierra Leone", "Sierra Leone", "Sierra Leone", "Sierra Leone", "Sierra Leone", "シエラレオネ", "Sierra Leone", "Сьерра-Леоне"
SMR, "", "San Marino", "San Marino", "San Marino", "Saint-Marin", "San Marino", "サンマリノ", "San Marino", "Сан-Марино"
SEN, "", "Senegal", "Senegal", "Senegal", "Sénégal", "Senegal", "セネガル", "Senegal", "Сенегал"
SOM, "الصومال", "Somalia", "Somalia", "Somalia", "Somalie", "Somalia", "ソマリア", "Somalië", "Сомали"
SUR, "", "Suriname", "Suriname", "Surinam", "Surinam", "Suriname", "スリナム", "Suriname", "Суринам"
SDS, "جنوب السودان", "Südsudan", "South Sudan", "Sudán del Sur", "Soudan du Sud", "Sudan del sud", "南スーダン", "Zuid-Soedan", "Южный Судан"
STP, "", "São Tomé und Príncipe", "São Tomé and Príncipe", "Santo Tomé y Príncipe", "Sao Tomé-et-Principe", "São Tomé e Príncipe", "サントメ・プリンシペ", "Sao Tomé en Principe", "Сан-томе и Принсипи"
SLV, "", "El Salvador", "El Salvador", "El Salvador", "Salvador", "El Salvador", "エルサルバドル", "El Salvador", "Эль-Сальвадор"
SXM, "", "Sint Maarten", "Sint Maarten", "", "", "", "セント・マーチン島", "Sint Maarten", "Синт-Мартен"
SYR, "سوريا", "Syrien", "Syria", "Siria", "Syrie", "Siria", "シリア・アラブ共和国", "Syrië", "Сирия"
SWZ, "", "Swasiland", "Swaziland", "Suazilandia", "Swaziland", "Swaziland", "スワジランド", "Swaziland", "Свазиленд"
TCA, "", "Turks- und Caicosinseln", "Turks and Caicos Islands", "Islas Turks y Caicos", "Îles Turques-et-Caïques", "Isole Turks e Caicos", "タークス・カイコス諸島", "Turks- en Caicoseilanden", "О - ва Теркс и Кайкос"
TCD, "تشاد", "Tschad", "Chad", "chad", "Tchad", "Ciad", "チャド", "Tsjaad", "Чад"
ATF, "", "Französische Süd- und Antarktisgebiete", "French Southern Territories", "Territorios Franceses del Sur", "Terres Australes Françaises", "Territori Francesi del Sud", "フランス領南方・南極地域", "Franse Gebieden in de zuidelijke Indische Oceaan", "Французские южные и АНТАРКТИЧЕСКИЕ территории"
TGO, "تورو", "Togo", "Togo", "Togo", "Togo", "Togo", "トーゴ", "Togo", "Того"
THA, "ثايلاند", "Thailand", "Thailand", "Tailandia", "Thaïlande", "Tailandia", "タイ", "Thailand", "Таиланд"
TJK, "طاجسكتان", "Tadschikistan", "Tajikistan", "Tayikistán", "Tadjikistan", "Tagikistan", "タジキスタン", "Tadzjikistan", "Таджикистан"
TKL, "", "Tokelau", "Tokelau", "Islas Tokelau", "Îles Tokelau", "Isole Tokelau", "トケラウ", "Tokelau", "Токелау"
TLS, "", "Timor-Leste", "East Timor", "Timor Oriental", "Timor oriental", "Timor Est", "東ティモール", "Oost-Timor", "Тимор-Лешти"
TKM, "تركمنستان", "Turkmenistan", "Turkmenistan", "Turkmenistán", "Turkménistan", "Turkmenistan", "トルクメニスタン", "Turkmenistan", "Туркменистан"
TUN, "تونس", "Tunesien", "Tunisia", "Túnez", "Tunisie", "Tunisia", "チュニジア", "Tunesië", "Тунис"
TON, "تونغا", "Tonga", "Tonga", "Tonga", "Tonga", "Tonga", "トンガ", "Tonga", "Тонга"
TUR, "تركيا", "Türkei", "Turkey", "Turquía", "Turquie", "Turchia", "トルコ", "Turkije", "Турция"
TTO, "ترينيداد وتوباغو", "Trinidad und Tobago", "Trinidad and Tobago", "Trinidad y Tobago", "Trinité et Tobago", "Trinidad e Tobago", "トリニダード・トバゴ", "Trinidad en Tobago", "Тринидад и Тобаго"
TUV, "", "Tuvalu", "Tuvalu", "Tuvalu", "Tuvalu", "Tuvalu", "ツバル", "Tuvalu", "Тувалу"
TWN, "تايوان", "Taiwan", "Taiwan", "Taiwán", "Taïwan", "Taiwan", "台湾", "Taiwan", "Тайвань"
TZA, "تنزانيا", "Tansania", "Tanzania", "Tanzania", "Tanzanie", "Tanzania", "タンザニア", "Tanzania", "Танзания"
UKR, "اوكرانيا", "Ukraine", "Ukraine", "Ucrania", "Ukraine", "Ucraina", "ウクライナ", "Oekraïne", "Украина"
UGA, "", "Uganda", "Uganda", "Uganda", "Uganda", "Uganda", "ウガンダ", "Oeganda", "Уганда"
UMI, "", "US-Amerikanische Hoheitsgebiete", "United States Minor Outlying Islands", "Islas menores de Estados Unidos", "Dépendances américaines", "Isole minori esterne degli Stati Uniti d'America", "合衆国領有小離島", "Kleine afgelegen eilanden van de Verenigde Staten", "Американская территорий"
USA, "الولايات المتحدة الامريكية", "Vereinigte Staaten von Amerika", "United States of America", "Estados Unidos", "États-Unis", "Stati Uniti D'America", "アメリカ合衆国", "Verenigde Staten", "Соединенные Штаты Америки"
URY, "الاورغوي", "Uruguay", "Uruguay", "Uruguay", "Uruguay", "Uruguay", "ウルグアイ", "Uruguay", "Уругвай"
UZB, "اوزبكستان", "Usbekistan", "Uzbekistan", "Uzbekistán", "Ouzbékistan", "Uzbekistan", "ウズベキスタン", "Oezbekistan", "Узбекистан"
VAT, "الفاتيكان", "Vatikan", "Vatican City", "Ciudad del Vaticano", "Cité du Vatican", "Città del Vaticano", "バチカン市国", "Vaticaanstad", "Ватикан"
VCT, "", "Saint Vincent und die Grenadinen", "Saint Vincent and the Grenadines", "San Vicente y Granadinas", "Saint-Vincent-et-les-Grenadines", "Saint Vincent e Grenadine", "セントビンセントおよびグレナディーン諸島", "Saint Vincent en de Grenadines", "Сент-Винсент и Гренадины"
VEN, "", "Venezuela", "Venezuela", "Venezuela", "Venezuela", "Venezuela", "ベネズエラ・ボリバル共和国", "Venezuela", "Венесуэла"
VGB, "", "Britische Jungferninseln", "British Virgin Islands", "Islas Vírgenes del Reino Unido", "Îles Vierges britanniques", "Isole Vergini Britanniche", "イギリス領ヴァージン諸島", "Britse Maagdeneilanden", "Британские Виргинские Острова"
VIR, "", "Amerikanische Jungferninseln", "Virgin Islands of the United States", "Islas Vírgenes de los Estados Unidos", "Îles Vierges américaines", "Isole Vergini americane", "アメリカ領ヴァージン諸島", "Amerikaanse Maagdeneilanden", "Виргинские Острова, США"
VNM, "", "Vietnam", "Vietnam", "Vietnam", "Viêt Nam", "Vietnam", "ベトナム", "Vietnam", "Вьетнам"
VUT, "", "Vanuatu", "Vanuatu", "Vanuatu", "Vanuatu", "Vanuatu", "バヌアツ", "Vanuatu", "Вануату"
WLF, "", "Wallis und Futuna", "Wallis and Futuna", "Wallis y Futuna", "Wallis-et-Futuna", "Wallis e Futuna", "ウォリス・フツナ", "Wallis en Futuna", "Уоллис и Футуна"
WSM, "", "Samoa", "Samoa", "Samoa", "Samoa", "Samoa", "サモア", "Samoa", "Самоа"
YEM, "", "Jemen", "Yemen", "Yemen", "Yémen", "Yemen", "イエメン", "Jemen", "Йемен"
MYT, "", "Mayotte", "Mayotte", "Mayotte", "Mayotte", "Mayotte", "マヨット", "Mayotte", "Майотта"
ZAF, "افريقيا الجنوبية", "Republik Südafrika", "South Africa", "República de Sudáfrica", "Afrique du Sud", "Sud Africa", "南アフリカ", "Zuid-Afrika", "Республика Южная Африка"
ZMB, "زامبيا", "Sambia", "Zambia", "Zambia", "Zambie", "Zambia", "ザンビア", "Zambia", "Замбия"
ZWE, "زمبابوي", "Simbabwe", "Zimbabwe", "Zimbabue", "Zimbabwe", "Zimbabwe", "ジンバブエ", "Zimbabwe", "Зимбабве"
